{
  "captured_at": "2026-05-26T20:45:51.418496+00:00",
  "fi_runner_version": "0.17.1",
  "git_sha": "4b9072d7",
  "iters": 3000,
  "results": {
    "runner_bare": {
      "n": 3000,
      "mean_ms": 0.00868,
      "p50_ms": 0.00846,
      "p95_ms": 0.00917,
      "p99_ms": 0.00992,
      "max_ms": 0.05421
    },
    "runner_guarded": {
      "n": 3000,
      "mean_ms": 0.06759,
      "p50_ms": 0.06613,
      "p95_ms": 0.07283,
      "p99_ms": 0.08713,
      "max_ms": 0.29104
    },
    "guard_overhead_mean_ms": 0.05891,
    "triage_inspect": {
      "n": 3000,
      "mean_ms": 0.01995,
      "p50_ms": 0.01958,
      "p95_ms": 0.02204,
      "p99_ms": 0.02379,
      "max_ms": 0.0805
    },
    "antidrift_inspect": {
      "n": 3000,
      "mean_ms": 0.01048,
      "p50_ms": 0.01033,
      "p95_ms": 0.011,
      "p99_ms": 0.01129,
      "max_ms": 0.04358
    },
    "pipeline_one_stage": {
      "n": 3000,
      "mean_ms": 0.00136,
      "p50_ms": 0.00133,
      "p95_ms": 0.00146,
      "p99_ms": 0.0015,
      "max_ms": 0.02396
    }
  }
}