{
  "captured_at": "2026-05-25T18:28:18.921662+00:00",
  "fi_runner_version": "0.8.0",
  "git_sha": "7bc3f1cd",
  "iters": 3000,
  "results": {
    "runner_bare": {
      "n": 3000,
      "mean_ms": 0.00155,
      "p50_ms": 0.00154,
      "p95_ms": 0.00163,
      "p99_ms": 0.00171,
      "max_ms": 0.00521
    },
    "runner_guarded": {
      "n": 3000,
      "mean_ms": 0.03825,
      "p50_ms": 0.03683,
      "p95_ms": 0.04038,
      "p99_ms": 0.06387,
      "max_ms": 0.22662
    },
    "guard_overhead_mean_ms": 0.0367,
    "triage_inspect": {
      "n": 3000,
      "mean_ms": 0.00872,
      "p50_ms": 0.00842,
      "p95_ms": 0.00925,
      "p99_ms": 0.01042,
      "max_ms": 0.11783
    },
    "antidrift_inspect": {
      "n": 3000,
      "mean_ms": 0.00883,
      "p50_ms": 0.00867,
      "p95_ms": 0.00925,
      "p99_ms": 0.00958,
      "max_ms": 0.05996
    },
    "pipeline_one_stage": {
      "n": 3000,
      "mean_ms": 0.00148,
      "p50_ms": 0.00133,
      "p95_ms": 0.0015,
      "p99_ms": 0.00183,
      "max_ms": 0.05379
    }
  }
}