{
  "captured_at": "2026-05-25T18:45:03.892366+00:00",
  "fi_runner_version": "0.8.0",
  "git_sha": "ebb61089",
  "iters": 3000,
  "results": {
    "runner_bare": {
      "n": 3000,
      "mean_ms": 0.0042,
      "p50_ms": 0.00417,
      "p95_ms": 0.00442,
      "p99_ms": 0.00454,
      "max_ms": 0.01212
    },
    "runner_guarded": {
      "n": 3000,
      "mean_ms": 0.04071,
      "p50_ms": 0.03996,
      "p95_ms": 0.04346,
      "p99_ms": 0.04813,
      "max_ms": 0.09617
    },
    "guard_overhead_mean_ms": 0.03651,
    "triage_inspect": {
      "n": 3000,
      "mean_ms": 0.00804,
      "p50_ms": 0.00796,
      "p95_ms": 0.0085,
      "p99_ms": 0.00871,
      "max_ms": 0.02833
    },
    "antidrift_inspect": {
      "n": 3000,
      "mean_ms": 0.00878,
      "p50_ms": 0.00871,
      "p95_ms": 0.00917,
      "p99_ms": 0.00938,
      "max_ms": 0.03583
    },
    "pipeline_one_stage": {
      "n": 3000,
      "mean_ms": 0.00134,
      "p50_ms": 0.00133,
      "p95_ms": 0.00142,
      "p99_ms": 0.0015,
      "max_ms": 0.00746
    }
  }
}